Designator,Mid X (mm),Mid Y (mm),Rotation,Layer,Package,Manufacturer Part Number
C2,72.400000,-21.000000,0.000000,top,0805 (2012 metric),CC0805KKX5R6BB106
C3,83.500000,-271.700000,180.000000,top,0603 (1608 metric),CC0603KRX7R9BB104
C4,243.500000,-271.700000,180.000000,top,0603 (1608 metric),CC0603KRX7R9BB104
C5,83.500000,-191.700000,180.000000,top,0603 (1608 metric),CC0603KRX7R9BB104
C6,243.500000,-191.700000,180.000000,top,0603 (1608 metric),CC0603KRX7R9BB104
C7,93.500000,-334.200000,0.000000,top,0603 (1608 metric),CC0603KRX7R9BB104
C8,33.000000,-291.000000,180.000000,top,0603 (1608 metric),CC0603KRX7R9BB104
C9,73.000000,-291.000000,180.000000,top,0603 (1608 metric),CC0603KRX7R9BB104
C10,113.000000,-291.000000,180.000000,top,0603 (1608 metric),CC0603KRX7R9BB104
C11,153.000000,-291.000000,180.000000,top,0603 (1608 metric),CC0603KRX7R9BB104
C12,193.000000,-291.000000,180.000000,top,0603 (1608 metric),CC0603KRX7R9BB104
C13,233.000000,-291.000000,180.000000,top,0603 (1608 metric),CC0603KRX7R9BB104
C14,273.000000,-291.000000,180.000000,top,0603 (1608 metric),CC0603KRX7R9BB104
C15,313.000000,-291.000000,180.000000,top,0603 (1608 metric),CC0603KRX7R9BB104
C16,313.000000,-243.000000,0.000000,top,0603 (1608 metric),CC0603KRX7R9BB104
C17,273.000000,-243.000000,0.000000,top,0603 (1608 metric),CC0603KRX7R9BB104
C18,233.000000,-243.000000,0.000000,top,0603 (1608 metric),CC0603KRX7R9BB104
C19,193.000000,-243.000000,0.000000,top,0603 (1608 metric),CC0603KRX7R9BB104
C20,153.000000,-243.000000,0.000000,top,0603 (1608 metric),CC0603KRX7R9BB104
C21,113.000000,-243.000000,0.000000,top,0603 (1608 metric),CC0603KRX7R9BB104
C22,73.000000,-243.000000,0.000000,top,0603 (1608 metric),CC0603KRX7R9BB104
C23,33.000000,-243.000000,0.000000,top,0603 (1608 metric),CC0603KRX7R9BB104
C24,33.000000,-211.000000,180.000000,top,0603 (1608 metric),CC0603KRX7R9BB104
C25,73.000000,-211.000000,180.000000,top,0603 (1608 metric),CC0603KRX7R9BB104
C26,113.000000,-211.000000,180.000000,top,0603 (1608 metric),CC0603KRX7R9BB104
C27,153.000000,-211.000000,180.000000,top,0603 (1608 metric),CC0603KRX7R9BB104
C28,193.000000,-211.000000,180.000000,top,0603 (1608 metric),CC0603KRX7R9BB104
C29,233.000000,-211.000000,180.000000,top,0603 (1608 metric),CC0603KRX7R9BB104
C30,273.000000,-211.000000,180.000000,top,0603 (1608 metric),CC0603KRX7R9BB104
C31,313.000000,-211.000000,180.000000,top,0603 (1608 metric),CC0603KRX7R9BB104
C32,313.000000,-163.000000,0.000000,top,0603 (1608 metric),CC0603KRX7R9BB104
C33,273.000000,-163.000000,0.000000,top,0603 (1608 metric),CC0603KRX7R9BB104
C34,233.000000,-163.000000,0.000000,top,0603 (1608 metric),CC0603KRX7R9BB104
C35,193.000000,-163.000000,0.000000,top,0603 (1608 metric),CC0603KRX7R9BB104
C36,153.000000,-163.000000,0.000000,top,0603 (1608 metric),CC0603KRX7R9BB104
C37,113.000000,-163.000000,0.000000,top,0603 (1608 metric),CC0603KRX7R9BB104
C38,73.000000,-163.000000,0.000000,top,0603 (1608 metric),CC0603KRX7R9BB104
C39,33.000000,-163.000000,0.000000,top,0603 (1608 metric),CC0603KRX7R9BB104
C40,33.000000,-131.000000,180.000000,top,0603 (1608 metric),CC0603KRX7R9BB104
C41,73.000000,-131.000000,180.000000,top,0603 (1608 metric),CC0603KRX7R9BB104
C42,113.000000,-131.000000,180.000000,top,0603 (1608 metric),CC0603KRX7R9BB104
C43,153.000000,-131.000000,180.000000,top,0603 (1608 metric),CC0603KRX7R9BB104
C44,193.000000,-131.000000,180.000000,top,0603 (1608 metric),CC0603KRX7R9BB104
C45,233.000000,-131.000000,180.000000,top,0603 (1608 metric),CC0603KRX7R9BB104
C46,273.000000,-131.000000,180.000000,top,0603 (1608 metric),CC0603KRX7R9BB104
C47,313.000000,-131.000000,180.000000,top,0603 (1608 metric),CC0603KRX7R9BB104
C48,313.000000,-83.000000,0.000000,top,0603 (1608 metric),CC0603KRX7R9BB104
C49,273.000000,-83.000000,0.000000,top,0603 (1608 metric),CC0603KRX7R9BB104
C50,233.000000,-83.000000,0.000000,top,0603 (1608 metric),CC0603KRX7R9BB104
C51,193.000000,-83.000000,0.000000,top,0603 (1608 metric),CC0603KRX7R9BB104
C52,153.000000,-83.000000,0.000000,top,0603 (1608 metric),CC0603KRX7R9BB104
C53,113.000000,-83.000000,0.000000,top,0603 (1608 metric),CC0603KRX7R9BB104
C54,73.000000,-83.000000,0.000000,top,0603 (1608 metric),CC0603KRX7R9BB104
C55,33.000000,-83.000000,0.000000,top,0603 (1608 metric),CC0603KRX7R9BB104
C56,33.000000,-51.000000,180.000000,top,0603 (1608 metric),CC0603KRX7R9BB104
C57,73.000000,-51.000000,180.000000,top,0603 (1608 metric),CC0603KRX7R9BB104
C58,113.000000,-51.000000,180.000000,top,0603 (1608 metric),CC0603KRX7R9BB104
C59,153.000000,-51.000000,180.000000,top,0603 (1608 metric),CC0603KRX7R9BB104
C60,193.000000,-51.000000,180.000000,top,0603 (1608 metric),CC0603KRX7R9BB104
C61,233.000000,-51.000000,180.000000,top,0603 (1608 metric),CC0603KRX7R9BB104
C62,273.000000,-51.000000,180.000000,top,0603 (1608 metric),CC0603KRX7R9BB104
C63,313.000000,-51.000000,180.000000,top,0603 (1608 metric),CC0603KRX7R9BB104
C64,313.000000,-3.000000,0.000000,top,0603 (1608 metric),CC0603KRX7R9BB104
C65,273.000000,-3.000000,0.000000,top,0603 (1608 metric),CC0603KRX7R9BB104
C66,233.000000,-3.000000,0.000000,top,0603 (1608 metric),CC0603KRX7R9BB104
C67,193.000000,-3.000000,0.000000,top,0603 (1608 metric),CC0603KRX7R9BB104
C68,153.000000,-3.000000,0.000000,top,0603 (1608 metric),CC0603KRX7R9BB104
C69,113.000000,-3.000000,0.000000,top,0603 (1608 metric),CC0603KRX7R9BB104
C70,73.000000,-3.000000,0.000000,top,0603 (1608 metric),CC0603KRX7R9BB104
C71,33.000000,-3.000000,0.000000,top,0603 (1608 metric),CC0603KRX7R9BB104
C72,20.000000,-302.400000,0.000000,top,0603 (1608 metric),CC0603KRX7R9BB104
C73,60.000000,-302.400000,0.000000,top,0603 (1608 metric),CC0603KRX7R9BB104
C74,100.000000,-302.400000,0.000000,top,0603 (1608 metric),CC0603KRX7R9BB104
C75,140.000000,-302.400000,0.000000,top,0603 (1608 metric),CC0603KRX7R9BB104
C76,20.000000,-262.399999,0.000000,top,0603 (1608 metric),CC0603KRX7R9BB104
C77,60.000000,-262.399999,0.000000,top,0603 (1608 metric),CC0603KRX7R9BB104
C78,100.000000,-262.399999,0.000000,top,0603 (1608 metric),CC0603KRX7R9BB104
C79,140.000000,-262.399999,0.000000,top,0603 (1608 metric),CC0603KRX7R9BB104
C80,20.000000,-222.400000,0.000000,top,0603 (1608 metric),CC0603KRX7R9BB104
C81,60.000000,-222.400000,0.000000,top,0603 (1608 metric),CC0603KRX7R9BB104
C82,100.000000,-222.400000,0.000000,top,0603 (1608 metric),CC0603KRX7R9BB104
C83,140.000000,-222.400000,0.000000,top,0603 (1608 metric),CC0603KRX7R9BB104
C84,20.000000,-182.400000,0.000000,top,0603 (1608 metric),CC0603KRX7R9BB104
C85,60.000000,-182.400000,0.000000,top,0603 (1608 metric),CC0603KRX7R9BB104
C86,100.000000,-182.400000,0.000000,top,0603 (1608 metric),CC0603KRX7R9BB104
C87,140.000000,-182.400000,0.000000,top,0603 (1608 metric),CC0603KRX7R9BB104
C88,180.000000,-302.400000,0.000000,top,0603 (1608 metric),CC0603KRX7R9BB104
C89,220.000000,-302.400000,0.000000,top,0603 (1608 metric),CC0603KRX7R9BB104
C90,260.000000,-302.400000,0.000000,top,0603 (1608 metric),CC0603KRX7R9BB104
C91,300.000000,-302.400000,0.000000,top,0603 (1608 metric),CC0603KRX7R9BB104
C92,180.000000,-262.399999,0.000000,top,0603 (1608 metric),CC0603KRX7R9BB104
C93,220.000000,-262.399999,0.000000,top,0603 (1608 metric),CC0603KRX7R9BB104
C94,260.000000,-262.399999,0.000000,top,0603 (1608 metric),CC0603KRX7R9BB104
C95,300.000000,-262.399999,0.000000,top,0603 (1608 metric),CC0603KRX7R9BB104
C96,180.000000,-222.400000,0.000000,top,0603 (1608 metric),CC0603KRX7R9BB104
C97,220.000000,-222.400000,0.000000,top,0603 (1608 metric),CC0603KRX7R9BB104
C98,260.000000,-222.400000,0.000000,top,0603 (1608 metric),CC0603KRX7R9BB104
C99,300.000000,-222.400000,0.000000,top,0603 (1608 metric),CC0603KRX7R9BB104
C100,180.000000,-182.400000,0.000000,top,0603 (1608 metric),CC0603KRX7R9BB104
C101,220.000000,-182.400000,0.000000,top,0603 (1608 metric),CC0603KRX7R9BB104
C102,260.000000,-182.400000,0.000000,top,0603 (1608 metric),CC0603KRX7R9BB104
C103,300.000000,-182.400000,0.000000,top,0603 (1608 metric),CC0603KRX7R9BB104
C104,20.000000,-142.400000,0.000000,top,0603 (1608 metric),CC0603KRX7R9BB104
C105,60.000000,-142.400000,0.000000,top,0603 (1608 metric),CC0603KRX7R9BB104
C106,100.000000,-142.400000,0.000000,top,0603 (1608 metric),CC0603KRX7R9BB104
C107,140.000000,-142.400000,0.000000,top,0603 (1608 metric),CC0603KRX7R9BB104
C108,20.000000,-102.400000,0.000000,top,0603 (1608 metric),CC0603KRX7R9BB104
C109,60.000000,-102.400000,0.000000,top,0603 (1608 metric),CC0603KRX7R9BB104
C110,100.000000,-102.400000,0.000000,top,0603 (1608 metric),CC0603KRX7R9BB104
C111,140.000000,-102.400000,0.000000,top,0603 (1608 metric),CC0603KRX7R9BB104
C112,20.000000,-62.400000,0.000000,top,0603 (1608 metric),CC0603KRX7R9BB104
C113,60.000000,-62.400000,0.000000,top,0603 (1608 metric),CC0603KRX7R9BB104
C114,100.000000,-62.400000,0.000000,top,0603 (1608 metric),CC0603KRX7R9BB104
C115,140.000000,-62.400000,0.000000,top,0603 (1608 metric),CC0603KRX7R9BB104
C116,20.000000,-22.400000,0.000000,top,0603 (1608 metric),CC0603KRX7R9BB104
C117,60.000000,-22.400000,0.000000,top,0603 (1608 metric),CC0603KRX7R9BB104
C118,100.000000,-22.400000,0.000000,top,0603 (1608 metric),CC0603KRX7R9BB104
C119,140.000000,-22.400000,0.000000,top,0603 (1608 metric),CC0603KRX7R9BB104
C120,180.000000,-142.400000,0.000000,top,0603 (1608 metric),CC0603KRX7R9BB104
C121,220.000000,-142.400000,0.000000,top,0603 (1608 metric),CC0603KRX7R9BB104
C122,260.000000,-142.400000,0.000000,top,0603 (1608 metric),CC0603KRX7R9BB104
C123,300.000000,-142.400000,0.000000,top,0603 (1608 metric),CC0603KRX7R9BB104
C124,180.000000,-102.400000,0.000000,top,0603 (1608 metric),CC0603KRX7R9BB104
C125,220.000000,-102.400000,0.000000,top,0603 (1608 metric),CC0603KRX7R9BB104
C126,260.000000,-102.400000,0.000000,top,0603 (1608 metric),CC0603KRX7R9BB104
C127,300.000000,-102.400000,0.000000,top,0603 (1608 metric),CC0603KRX7R9BB104
C128,180.000000,-62.400000,0.000000,top,0603 (1608 metric),CC0603KRX7R9BB104
C129,220.000000,-62.400000,0.000000,top,0603 (1608 metric),CC0603KRX7R9BB104
C130,260.000000,-62.400000,0.000000,top,0603 (1608 metric),CC0603KRX7R9BB104
C131,300.000000,-62.400000,0.000000,top,0603 (1608 metric),CC0603KRX7R9BB104
C132,180.000000,-22.400000,0.000000,top,0603 (1608 metric),CC0603KRX7R9BB104
C133,220.000000,-22.400000,0.000000,top,0603 (1608 metric),CC0603KRX7R9BB104
C134,260.000000,-22.400000,0.000000,top,0603 (1608 metric),CC0603KRX7R9BB104
C135,300.000000,-22.400000,0.000000,top,0603 (1608 metric),CC0603KRX7R9BB104
C136,83.500000,-111.700000,180.000000,top,0603 (1608 metric),CC0603KRX7R9BB104
C137,243.500000,-111.700000,180.000000,top,0603 (1608 metric),CC0603KRX7R9BB104
C138,83.500000,-31.699999,180.000000,top,0603 (1608 metric),CC0603KRX7R9BB104
C139,243.500000,-31.699999,180.000000,top,0603 (1608 metric),CC0603KRX7R9BB104
C141,65.599999,-23.099999,90.000000,top,0603 (1608 metric),CC0603KRX7R8BB105
C142,70.700000,-29.900000,0.000000,top,0603 (1608 metric),CC0603KRX7R9BB103
C143,71.600000,-25.000000,0.000000,top,0603 (1608 metric),CC0603KRX7R9BB102
C144,74.100000,-29.400000,180.000000,top,0603 (1608 metric),CC0603KRX7R9BB103
C145,105.000000,-352.800000,0.000000,top,0603 (1608 metric),CC0603KRX7R9BB103
C146,90.000000,-353.000000,0.000000,top,0603 (1608 metric),CC0603KRX7R9BB104
D1,53.500000,-24.599999,180.000000,top,SMB (DO-214AA),SMBJ12CA
F1,52.000000,-39.000000,0.000000,top,2410 fuse,0453002.MR
HS1,20.000000,-300.000000,0.000000,top,SOT-23-3,DRV5032FCDBZR
HS2,60.000000,-300.000000,0.000000,top,SOT-23-3,DRV5032FCDBZR
HS3,100.000000,-300.000000,0.000000,top,SOT-23-3,DRV5032FCDBZR
HS4,140.000000,-300.000000,0.000000,top,SOT-23-3,DRV5032FCDBZR
HS5,20.000000,-260.000000,0.000000,top,SOT-23-3,DRV5032FCDBZR
HS6,60.000000,-260.000000,0.000000,top,SOT-23-3,DRV5032FCDBZR
HS7,100.000000,-260.000000,0.000000,top,SOT-23-3,DRV5032FCDBZR
HS8,140.000000,-260.000000,0.000000,top,SOT-23-3,DRV5032FCDBZR
HS9,20.000000,-220.000000,0.000000,top,SOT-23-3,DRV5032FCDBZR
HS10,60.000000,-220.000000,0.000000,top,SOT-23-3,DRV5032FCDBZR
HS11,100.000000,-220.000000,0.000000,top,SOT-23-3,DRV5032FCDBZR
HS12,140.000000,-220.000000,0.000000,top,SOT-23-3,DRV5032FCDBZR
HS13,20.000000,-180.000000,0.000000,top,SOT-23-3,DRV5032FCDBZR
HS14,60.000000,-180.000000,0.000000,top,SOT-23-3,DRV5032FCDBZR
HS15,100.000000,-180.000000,0.000000,top,SOT-23-3,DRV5032FCDBZR
HS16,140.000000,-180.000000,0.000000,top,SOT-23-3,DRV5032FCDBZR
HS17,180.000000,-300.000000,0.000000,top,SOT-23-3,DRV5032FCDBZR
HS18,220.000000,-300.000000,0.000000,top,SOT-23-3,DRV5032FCDBZR
HS19,260.000000,-300.000000,0.000000,top,SOT-23-3,DRV5032FCDBZR
HS20,300.000000,-300.000000,0.000000,top,SOT-23-3,DRV5032FCDBZR
HS21,180.000000,-260.000000,0.000000,top,SOT-23-3,DRV5032FCDBZR
HS22,220.000000,-260.000000,0.000000,top,SOT-23-3,DRV5032FCDBZR
HS23,260.000000,-260.000000,0.000000,top,SOT-23-3,DRV5032FCDBZR
HS24,300.000000,-260.000000,0.000000,top,SOT-23-3,DRV5032FCDBZR
HS25,180.000000,-220.000000,0.000000,top,SOT-23-3,DRV5032FCDBZR
HS26,220.000000,-220.000000,0.000000,top,SOT-23-3,DRV5032FCDBZR
HS27,260.000000,-220.000000,0.000000,top,SOT-23-3,DRV5032FCDBZR
HS28,300.000000,-220.000000,0.000000,top,SOT-23-3,DRV5032FCDBZR
HS29,180.000000,-180.000000,0.000000,top,SOT-23-3,DRV5032FCDBZR
HS30,220.000000,-180.000000,0.000000,top,SOT-23-3,DRV5032FCDBZR
HS31,260.000000,-180.000000,0.000000,top,SOT-23-3,DRV5032FCDBZR
HS32,300.000000,-180.000000,0.000000,top,SOT-23-3,DRV5032FCDBZR
HS33,20.000000,-140.000000,0.000000,top,SOT-23-3,DRV5032FCDBZR
HS34,60.000000,-140.000000,0.000000,top,SOT-23-3,DRV5032FCDBZR
HS35,100.000000,-140.000000,0.000000,top,SOT-23-3,DRV5032FCDBZR
HS36,140.000000,-140.000000,0.000000,top,SOT-23-3,DRV5032FCDBZR
HS37,20.000000,-100.000000,0.000000,top,SOT-23-3,DRV5032FCDBZR
HS38,60.000000,-100.000000,0.000000,top,SOT-23-3,DRV5032FCDBZR
HS39,100.000000,-100.000000,0.000000,top,SOT-23-3,DRV5032FCDBZR
HS40,140.000000,-100.000000,0.000000,top,SOT-23-3,DRV5032FCDBZR
HS41,20.000000,-60.000000,0.000000,top,SOT-23-3,DRV5032FCDBZR
HS42,60.000000,-60.000000,0.000000,top,SOT-23-3,DRV5032FCDBZR
HS43,100.000000,-60.000000,0.000000,top,SOT-23-3,DRV5032FCDBZR
HS44,140.000000,-60.000000,0.000000,top,SOT-23-3,DRV5032FCDBZR
HS45,20.000000,-20.000000,0.000000,top,SOT-23-3,DRV5032FCDBZR
HS46,60.000000,-20.000000,0.000000,top,SOT-23-3,DRV5032FCDBZR
HS47,100.000000,-20.000000,0.000000,top,SOT-23-3,DRV5032FCDBZR
HS48,140.000000,-20.000000,0.000000,top,SOT-23-3,DRV5032FCDBZR
HS49,180.000000,-140.000000,0.000000,top,SOT-23-3,DRV5032FCDBZR
HS50,220.000000,-140.000000,0.000000,top,SOT-23-3,DRV5032FCDBZR
HS51,260.000000,-140.000000,0.000000,top,SOT-23-3,DRV5032FCDBZR
HS52,300.000000,-140.000000,0.000000,top,SOT-23-3,DRV5032FCDBZR
HS53,180.000000,-100.000000,0.000000,top,SOT-23-3,DRV5032FCDBZR
HS54,220.000000,-100.000000,0.000000,top,SOT-23-3,DRV5032FCDBZR
HS55,260.000000,-100.000000,0.000000,top,SOT-23-3,DRV5032FCDBZR
HS56,300.000000,-100.000000,0.000000,top,SOT-23-3,DRV5032FCDBZR
HS57,180.000000,-60.000000,0.000000,top,SOT-23-3,DRV5032FCDBZR
HS58,220.000000,-60.000000,0.000000,top,SOT-23-3,DRV5032FCDBZR
HS59,260.000000,-60.000000,0.000000,top,SOT-23-3,DRV5032FCDBZR
HS60,300.000000,-60.000000,0.000000,top,SOT-23-3,DRV5032FCDBZR
HS61,180.000000,-20.000000,0.000000,top,SOT-23-3,DRV5032FCDBZR
HS62,220.000000,-20.000000,0.000000,top,SOT-23-3,DRV5032FCDBZR
HS63,260.000000,-20.000000,0.000000,top,SOT-23-3,DRV5032FCDBZR
HS64,300.000000,-20.000000,0.000000,top,SOT-23-3,DRV5032FCDBZR
J2,50.000000,-318.500000,0.000000,top,SH 4P side entry SMD,SM04B-SRSS-TB
Q1,105.000000,-348.000000,0.000000,top,SO-8 1.27 mm,Si4403DDY-T1-GE3
Q2,105.000000,-339.500000,0.000000,top,SOT-23 (TO-236),BSS138LT1G
R3,71.100000,-27.500000,-90.000000,top,0603 (1608 metric),RC0603FR-071K65L
R4,62.599999,-27.000000,180.000000,top,0603 (1608 metric),RT0603BRD07604KL
R5,77.000000,-29.400000,0.000000,top,0603 (1608 metric),RT0603BRD07169KL
R6,77.000000,-26.800000,0.000000,top,0603 (1608 metric),RT0603BRD07604KL
R7,84.500000,-26.800000,0.000000,top,0603 (1608 metric),RC0603FR-07261KL
R8,77.000000,-24.199999,0.000000,top,0603 (1608 metric),RC0603FR-071KL
R9,81.000000,-338.730000,0.000000,top,0603 (1608 metric),RC0603FR-0756RL
R10,27.349999,-248.600000,0.000000,top,0603 (1608 metric),RC0603FR-0756RL
R11,27.349999,-168.600000,0.000000,top,0603 (1608 metric),RC0603FR-0756RL
R12,27.349999,-88.600000,0.000000,top,0603 (1608 metric),RC0603FR-0756RL
R13,110.000000,-343.000000,180.000000,top,0603 (1608 metric),RC0603FR-071KL
R14,110.000000,-339.000000,0.000000,top,0603 (1608 metric),RC0603FR-07100KL
R15,100.500000,-336.000000,0.000000,top,0603 (1608 metric),RC0603FR-0710KL
R16,100.000000,-352.800000,0.000000,top,0603 (1608 metric),RC0603FR-07100KL
R17,72.500000,-342.500000,0.000000,top,0603 (1608 metric),RC0603FR-0710KL
R18,77.000000,-345.500000,0.000000,top,0603 (1608 metric),RC0603FR-0710KL
TP1,113.000000,-325.000000,0.000000,top,SMD test point,S1751-46R
TP2,120.000000,-325.000000,0.000000,top,SMD test point,S1751-46R
TP3,72.500000,-338.730000,0.000000,top,SMD test point,S1751-46R
TP4,77.000000,-342.500000,0.000000,top,SMD test point,S1751-46R
TP5,141.000000,-325.000000,0.000000,top,SMD test point,S1751-46R
TP6,148.000000,-325.000000,0.000000,top,SMD test point,S1751-46R
TP7,113.000000,-356.000000,0.000000,top,SMD test point,S1751-46R
U1,80.000000,-278.000000,0.000000,top,SOIC-16W 1.27 mm,TCA9554DWR
U2,240.000000,-278.000000,0.000000,top,SOIC-16W 1.27 mm,TCA9554DWR
U3,80.000000,-198.000000,0.000000,top,SOIC-16W 1.27 mm,TCA9554DWR
U4,240.000000,-198.000000,0.000000,top,SOIC-16W 1.27 mm,TCA9554DWR
U5,90.000000,-340.000000,0.000000,top,SOIC-14 1.27 mm,SN74AHCT125DR
U6,33.000000,-287.000000,180.000000,top,PLCC-6 5050,SK9822-A
U7,73.000000,-287.000000,180.000000,top,PLCC-6 5050,SK9822-A
U8,113.000000,-287.000000,180.000000,top,PLCC-6 5050,SK9822-A
U9,153.000000,-287.000000,180.000000,top,PLCC-6 5050,SK9822-A
U10,193.000000,-287.000000,180.000000,top,PLCC-6 5050,SK9822-A
U11,233.000000,-287.000000,180.000000,top,PLCC-6 5050,SK9822-A
U12,273.000000,-287.000000,180.000000,top,PLCC-6 5050,SK9822-A
U13,313.000000,-287.000000,180.000000,top,PLCC-6 5050,SK9822-A
U14,313.000000,-247.000000,0.000000,top,PLCC-6 5050,SK9822-A
U15,273.000000,-247.000000,0.000000,top,PLCC-6 5050,SK9822-A
U16,233.000000,-247.000000,0.000000,top,PLCC-6 5050,SK9822-A
U17,193.000000,-247.000000,0.000000,top,PLCC-6 5050,SK9822-A
U18,153.000000,-247.000000,0.000000,top,PLCC-6 5050,SK9822-A
U19,113.000000,-247.000000,0.000000,top,PLCC-6 5050,SK9822-A
U20,73.000000,-247.000000,0.000000,top,PLCC-6 5050,SK9822-A
U21,33.000000,-247.000000,0.000000,top,PLCC-6 5050,SK9822-A
U22,33.000000,-207.000000,180.000000,top,PLCC-6 5050,SK9822-A
U23,73.000000,-207.000000,180.000000,top,PLCC-6 5050,SK9822-A
U24,113.000000,-207.000000,180.000000,top,PLCC-6 5050,SK9822-A
U25,153.000000,-207.000000,180.000000,top,PLCC-6 5050,SK9822-A
U26,193.000000,-207.000000,180.000000,top,PLCC-6 5050,SK9822-A
U27,233.000000,-207.000000,180.000000,top,PLCC-6 5050,SK9822-A
U28,273.000000,-207.000000,180.000000,top,PLCC-6 5050,SK9822-A
U29,313.000000,-207.000000,180.000000,top,PLCC-6 5050,SK9822-A
U30,313.000000,-167.000000,0.000000,top,PLCC-6 5050,SK9822-A
U31,273.000000,-167.000000,0.000000,top,PLCC-6 5050,SK9822-A
U32,233.000000,-167.000000,0.000000,top,PLCC-6 5050,SK9822-A
U33,193.000000,-167.000000,0.000000,top,PLCC-6 5050,SK9822-A
U34,153.000000,-167.000000,0.000000,top,PLCC-6 5050,SK9822-A
U35,113.000000,-167.000000,0.000000,top,PLCC-6 5050,SK9822-A
U36,73.000000,-167.000000,0.000000,top,PLCC-6 5050,SK9822-A
U37,33.000000,-167.000000,0.000000,top,PLCC-6 5050,SK9822-A
U38,33.000000,-127.000000,180.000000,top,PLCC-6 5050,SK9822-A
U39,73.000000,-127.000000,180.000000,top,PLCC-6 5050,SK9822-A
U40,113.000000,-127.000000,180.000000,top,PLCC-6 5050,SK9822-A
U41,153.000000,-127.000000,180.000000,top,PLCC-6 5050,SK9822-A
U42,193.000000,-127.000000,180.000000,top,PLCC-6 5050,SK9822-A
U43,233.000000,-127.000000,180.000000,top,PLCC-6 5050,SK9822-A
U44,273.000000,-127.000000,180.000000,top,PLCC-6 5050,SK9822-A
U45,313.000000,-127.000000,180.000000,top,PLCC-6 5050,SK9822-A
U46,313.000000,-87.000000,0.000000,top,PLCC-6 5050,SK9822-A
U47,273.000000,-87.000000,0.000000,top,PLCC-6 5050,SK9822-A
U48,233.000000,-87.000000,0.000000,top,PLCC-6 5050,SK9822-A
U49,193.000000,-87.000000,0.000000,top,PLCC-6 5050,SK9822-A
U50,153.000000,-87.000000,0.000000,top,PLCC-6 5050,SK9822-A
U51,113.000000,-87.000000,0.000000,top,PLCC-6 5050,SK9822-A
U52,73.000000,-87.000000,0.000000,top,PLCC-6 5050,SK9822-A
U53,33.000000,-87.000000,0.000000,top,PLCC-6 5050,SK9822-A
U54,33.000000,-47.000000,180.000000,top,PLCC-6 5050,SK9822-A
U55,73.000000,-47.000000,180.000000,top,PLCC-6 5050,SK9822-A
U56,113.000000,-47.000000,180.000000,top,PLCC-6 5050,SK9822-A
U57,153.000000,-47.000000,180.000000,top,PLCC-6 5050,SK9822-A
U58,193.000000,-47.000000,180.000000,top,PLCC-6 5050,SK9822-A
U59,233.000000,-47.000000,180.000000,top,PLCC-6 5050,SK9822-A
U60,273.000000,-47.000000,180.000000,top,PLCC-6 5050,SK9822-A
U61,313.000000,-47.000000,180.000000,top,PLCC-6 5050,SK9822-A
U62,313.000000,-7.000000,0.000000,top,PLCC-6 5050,SK9822-A
U63,273.000000,-7.000000,0.000000,top,PLCC-6 5050,SK9822-A
U64,233.000000,-7.000000,0.000000,top,PLCC-6 5050,SK9822-A
U65,193.000000,-7.000000,0.000000,top,PLCC-6 5050,SK9822-A
U66,153.000000,-7.000000,0.000000,top,PLCC-6 5050,SK9822-A
U67,113.000000,-7.000000,0.000000,top,PLCC-6 5050,SK9822-A
U68,73.000000,-7.000000,0.000000,top,PLCC-6 5050,SK9822-A
U69,33.000000,-7.000000,0.000000,top,PLCC-6 5050,SK9822-A
U70,80.000000,-118.000000,0.000000,top,SOIC-16W 1.27 mm,TCA9554DWR
U71,240.000000,-118.000000,0.000000,top,SOIC-16W 1.27 mm,TCA9554DWR
U72,80.000000,-38.000000,0.000000,top,SOIC-16W 1.27 mm,TCA9554DWR
U73,240.000000,-38.000000,0.000000,top,SOIC-16W 1.27 mm,TCA9554DWR
U74,68.000000,-27.500000,0.000000,top,VQFN-HR-10 RPW 2x2 mm,TPS259474ARPWR
U75,90.000000,-350.000000,180.000000,top,SOT-23-6 (DBV),SN74LVC1G97DBVR
