Ref,Val,Package,PosX,PosY,Rot,Side
"C1","10ZLJ560M8X11.5","radial 8 mm",134.000000,-88.000000,180.000000,"bottom"
"C140","10ZLJ560M8X11.5","radial 8 mm",144.000000,-88.000000,180.000000,"bottom"
"J1","PPPC202LFBN-RC","2x20 2.54 mm THT",323.000000,-295.000000,-90.000000,"bottom"
"J4","B4PS-VH","VH 4P side entry THT",95.000000,-87.550000,0.000000,"bottom"
"C2","CC0805KKX5R6BB106","0805 (2012 metric)",112.400000,-81.000000,0.000000,"top"
"C3","CC0603KRX7R9BB104","0603 (1608 metric)",123.500000,-331.700000,180.000000,"top"
"C4","CC0603KRX7R9BB104","0603 (1608 metric)",283.500000,-331.700000,180.000000,"top"
"C5","CC0603KRX7R9BB104","0603 (1608 metric)",123.500000,-251.700000,180.000000,"top"
"C6","CC0603KRX7R9BB104","0603 (1608 metric)",283.500000,-251.700000,180.000000,"top"
"C7","CC0603KRX7R9BB104","0603 (1608 metric)",133.500000,-394.200000,0.000000,"top"
"C8","CC0603KRX7R9BB104","0603 (1608 metric)",73.000000,-351.000000,180.000000,"top"
"C9","CC0603KRX7R9BB104","0603 (1608 metric)",113.000000,-351.000000,180.000000,"top"
"C10","CC0603KRX7R9BB104","0603 (1608 metric)",153.000000,-351.000000,180.000000,"top"
"C11","CC0603KRX7R9BB104","0603 (1608 metric)",193.000000,-351.000000,180.000000,"top"
"C12","CC0603KRX7R9BB104","0603 (1608 metric)",233.000000,-351.000000,180.000000,"top"
"C13","CC0603KRX7R9BB104","0603 (1608 metric)",273.000000,-351.000000,180.000000,"top"
"C14","CC0603KRX7R9BB104","0603 (1608 metric)",313.000000,-351.000000,180.000000,"top"
"C15","CC0603KRX7R9BB104","0603 (1608 metric)",353.000000,-351.000000,180.000000,"top"
"C16","CC0603KRX7R9BB104","0603 (1608 metric)",353.000000,-303.000000,0.000000,"top"
"C17","CC0603KRX7R9BB104","0603 (1608 metric)",313.000000,-303.000000,0.000000,"top"
"C18","CC0603KRX7R9BB104","0603 (1608 metric)",273.000000,-303.000000,0.000000,"top"
"C19","CC0603KRX7R9BB104","0603 (1608 metric)",233.000000,-303.000000,0.000000,"top"
"C20","CC0603KRX7R9BB104","0603 (1608 metric)",193.000000,-303.000000,0.000000,"top"
"C21","CC0603KRX7R9BB104","0603 (1608 metric)",153.000000,-303.000000,0.000000,"top"
"C22","CC0603KRX7R9BB104","0603 (1608 metric)",113.000000,-303.000000,0.000000,"top"
"C23","CC0603KRX7R9BB104","0603 (1608 metric)",73.000000,-303.000000,0.000000,"top"
"C24","CC0603KRX7R9BB104","0603 (1608 metric)",73.000000,-271.000000,180.000000,"top"
"C25","CC0603KRX7R9BB104","0603 (1608 metric)",113.000000,-271.000000,180.000000,"top"
"C26","CC0603KRX7R9BB104","0603 (1608 metric)",153.000000,-271.000000,180.000000,"top"
"C27","CC0603KRX7R9BB104","0603 (1608 metric)",193.000000,-271.000000,180.000000,"top"
"C28","CC0603KRX7R9BB104","0603 (1608 metric)",233.000000,-271.000000,180.000000,"top"
"C29","CC0603KRX7R9BB104","0603 (1608 metric)",273.000000,-271.000000,180.000000,"top"
"C30","CC0603KRX7R9BB104","0603 (1608 metric)",313.000000,-271.000000,180.000000,"top"
"C31","CC0603KRX7R9BB104","0603 (1608 metric)",353.000000,-271.000000,180.000000,"top"
"C32","CC0603KRX7R9BB104","0603 (1608 metric)",353.000000,-223.000000,0.000000,"top"
"C33","CC0603KRX7R9BB104","0603 (1608 metric)",313.000000,-223.000000,0.000000,"top"
"C34","CC0603KRX7R9BB104","0603 (1608 metric)",273.000000,-223.000000,0.000000,"top"
"C35","CC0603KRX7R9BB104","0603 (1608 metric)",233.000000,-223.000000,0.000000,"top"
"C36","CC0603KRX7R9BB104","0603 (1608 metric)",193.000000,-223.000000,0.000000,"top"
"C37","CC0603KRX7R9BB104","0603 (1608 metric)",153.000000,-223.000000,0.000000,"top"
"C38","CC0603KRX7R9BB104","0603 (1608 metric)",113.000000,-223.000000,0.000000,"top"
"C39","CC0603KRX7R9BB104","0603 (1608 metric)",73.000000,-223.000000,0.000000,"top"
"C40","CC0603KRX7R9BB104","0603 (1608 metric)",73.000000,-191.000000,180.000000,"top"
"C41","CC0603KRX7R9BB104","0603 (1608 metric)",113.000000,-191.000000,180.000000,"top"
"C42","CC0603KRX7R9BB104","0603 (1608 metric)",153.000000,-191.000000,180.000000,"top"
"C43","CC0603KRX7R9BB104","0603 (1608 metric)",193.000000,-191.000000,180.000000,"top"
"C44","CC0603KRX7R9BB104","0603 (1608 metric)",233.000000,-191.000000,180.000000,"top"
"C45","CC0603KRX7R9BB104","0603 (1608 metric)",273.000000,-191.000000,180.000000,"top"
"C46","CC0603KRX7R9BB104","0603 (1608 metric)",313.000000,-191.000000,180.000000,"top"
"C47","CC0603KRX7R9BB104","0603 (1608 metric)",353.000000,-191.000000,180.000000,"top"
"C48","CC0603KRX7R9BB104","0603 (1608 metric)",353.000000,-143.000000,0.000000,"top"
"C49","CC0603KRX7R9BB104","0603 (1608 metric)",313.000000,-143.000000,0.000000,"top"
"C50","CC0603KRX7R9BB104","0603 (1608 metric)",273.000000,-143.000000,0.000000,"top"
"C51","CC0603KRX7R9BB104","0603 (1608 metric)",233.000000,-143.000000,0.000000,"top"
"C52","CC0603KRX7R9BB104","0603 (1608 metric)",193.000000,-143.000000,0.000000,"top"
"C53","CC0603KRX7R9BB104","0603 (1608 metric)",153.000000,-143.000000,0.000000,"top"
"C54","CC0603KRX7R9BB104","0603 (1608 metric)",113.000000,-143.000000,0.000000,"top"
"C55","CC0603KRX7R9BB104","0603 (1608 metric)",73.000000,-143.000000,0.000000,"top"
"C56","CC0603KRX7R9BB104","0603 (1608 metric)",73.000000,-111.000000,180.000000,"top"
"C57","CC0603KRX7R9BB104","0603 (1608 metric)",113.000000,-111.000000,180.000000,"top"
"C58","CC0603KRX7R9BB104","0603 (1608 metric)",153.000000,-111.000000,180.000000,"top"
"C59","CC0603KRX7R9BB104","0603 (1608 metric)",193.000000,-111.000000,180.000000,"top"
"C60","CC0603KRX7R9BB104","0603 (1608 metric)",233.000000,-111.000000,180.000000,"top"
"C61","CC0603KRX7R9BB104","0603 (1608 metric)",273.000000,-111.000000,180.000000,"top"
"C62","CC0603KRX7R9BB104","0603 (1608 metric)",313.000000,-111.000000,180.000000,"top"
"C63","CC0603KRX7R9BB104","0603 (1608 metric)",353.000000,-111.000000,180.000000,"top"
"C64","CC0603KRX7R9BB104","0603 (1608 metric)",353.000000,-63.000000,0.000000,"top"
"C65","CC0603KRX7R9BB104","0603 (1608 metric)",313.000000,-63.000000,0.000000,"top"
"C66","CC0603KRX7R9BB104","0603 (1608 metric)",273.000000,-63.000000,0.000000,"top"
"C67","CC0603KRX7R9BB104","0603 (1608 metric)",233.000000,-63.000000,0.000000,"top"
"C68","CC0603KRX7R9BB104","0603 (1608 metric)",193.000000,-63.000000,0.000000,"top"
"C69","CC0603KRX7R9BB104","0603 (1608 metric)",153.000000,-63.000000,0.000000,"top"
"C70","CC0603KRX7R9BB104","0603 (1608 metric)",113.000000,-63.000000,0.000000,"top"
"C71","CC0603KRX7R9BB104","0603 (1608 metric)",73.000000,-63.000000,0.000000,"top"
"C72","CC0603KRX7R9BB104","0603 (1608 metric)",60.000000,-362.400000,0.000000,"top"
"C73","CC0603KRX7R9BB104","0603 (1608 metric)",100.000000,-362.400000,0.000000,"top"
"C74","CC0603KRX7R9BB104","0603 (1608 metric)",140.000000,-362.400000,0.000000,"top"
"C75","CC0603KRX7R9BB104","0603 (1608 metric)",180.000000,-362.400000,0.000000,"top"
"C76","CC0603KRX7R9BB104","0603 (1608 metric)",60.000000,-322.400000,0.000000,"top"
"C77","CC0603KRX7R9BB104","0603 (1608 metric)",100.000000,-322.400000,0.000000,"top"
"C78","CC0603KRX7R9BB104","0603 (1608 metric)",140.000000,-322.400000,0.000000,"top"
"C79","CC0603KRX7R9BB104","0603 (1608 metric)",180.000000,-322.400000,0.000000,"top"
"C80","CC0603KRX7R9BB104","0603 (1608 metric)",60.000000,-282.400000,0.000000,"top"
"C81","CC0603KRX7R9BB104","0603 (1608 metric)",100.000000,-282.400000,0.000000,"top"
"C82","CC0603KRX7R9BB104","0603 (1608 metric)",140.000000,-282.400000,0.000000,"top"
"C83","CC0603KRX7R9BB104","0603 (1608 metric)",180.000000,-282.400000,0.000000,"top"
"C84","CC0603KRX7R9BB104","0603 (1608 metric)",60.000000,-242.400000,0.000000,"top"
"C85","CC0603KRX7R9BB104","0603 (1608 metric)",100.000000,-242.400000,0.000000,"top"
"C86","CC0603KRX7R9BB104","0603 (1608 metric)",140.000000,-242.400000,0.000000,"top"
"C87","CC0603KRX7R9BB104","0603 (1608 metric)",180.000000,-242.400000,0.000000,"top"
"C88","CC0603KRX7R9BB104","0603 (1608 metric)",220.000000,-362.400000,0.000000,"top"
"C89","CC0603KRX7R9BB104","0603 (1608 metric)",260.000000,-362.400000,0.000000,"top"
"C90","CC0603KRX7R9BB104","0603 (1608 metric)",300.000000,-362.400000,0.000000,"top"
"C91","CC0603KRX7R9BB104","0603 (1608 metric)",340.000000,-362.400000,0.000000,"top"
"C92","CC0603KRX7R9BB104","0603 (1608 metric)",220.000000,-322.400000,0.000000,"top"
"C93","CC0603KRX7R9BB104","0603 (1608 metric)",260.000000,-322.400000,0.000000,"top"
"C94","CC0603KRX7R9BB104","0603 (1608 metric)",300.000000,-322.400000,0.000000,"top"
"C95","CC0603KRX7R9BB104","0603 (1608 metric)",340.000000,-322.400000,0.000000,"top"
"C96","CC0603KRX7R9BB104","0603 (1608 metric)",220.000000,-282.400000,0.000000,"top"
"C97","CC0603KRX7R9BB104","0603 (1608 metric)",260.000000,-282.400000,0.000000,"top"
"C98","CC0603KRX7R9BB104","0603 (1608 metric)",300.000000,-282.400000,0.000000,"top"
"C99","CC0603KRX7R9BB104","0603 (1608 metric)",340.000000,-282.400000,0.000000,"top"
"C100","CC0603KRX7R9BB104","0603 (1608 metric)",220.000000,-242.400000,0.000000,"top"
"C101","CC0603KRX7R9BB104","0603 (1608 metric)",260.000000,-242.400000,0.000000,"top"
"C102","CC0603KRX7R9BB104","0603 (1608 metric)",300.000000,-242.400000,0.000000,"top"
"C103","CC0603KRX7R9BB104","0603 (1608 metric)",340.000000,-242.400000,0.000000,"top"
"C104","CC0603KRX7R9BB104","0603 (1608 metric)",60.000000,-202.400000,0.000000,"top"
"C105","CC0603KRX7R9BB104","0603 (1608 metric)",100.000000,-202.400000,0.000000,"top"
"C106","CC0603KRX7R9BB104","0603 (1608 metric)",140.000000,-202.400000,0.000000,"top"
"C107","CC0603KRX7R9BB104","0603 (1608 metric)",180.000000,-202.400000,0.000000,"top"
"C108","CC0603KRX7R9BB104","0603 (1608 metric)",60.000000,-162.400000,0.000000,"top"
"C109","CC0603KRX7R9BB104","0603 (1608 metric)",100.000000,-162.400000,0.000000,"top"
"C110","CC0603KRX7R9BB104","0603 (1608 metric)",140.000000,-162.400000,0.000000,"top"
"C111","CC0603KRX7R9BB104","0603 (1608 metric)",180.000000,-162.400000,0.000000,"top"
"C112","CC0603KRX7R9BB104","0603 (1608 metric)",60.000000,-122.400000,0.000000,"top"
"C113","CC0603KRX7R9BB104","0603 (1608 metric)",100.000000,-122.400000,0.000000,"top"
"C114","CC0603KRX7R9BB104","0603 (1608 metric)",140.000000,-122.400000,0.000000,"top"
"C115","CC0603KRX7R9BB104","0603 (1608 metric)",180.000000,-122.400000,0.000000,"top"
"C116","CC0603KRX7R9BB104","0603 (1608 metric)",60.000000,-82.400000,0.000000,"top"
"C117","CC0603KRX7R9BB104","0603 (1608 metric)",100.000000,-82.400000,0.000000,"top"
"C118","CC0603KRX7R9BB104","0603 (1608 metric)",140.000000,-82.400000,0.000000,"top"
"C119","CC0603KRX7R9BB104","0603 (1608 metric)",180.000000,-82.400000,0.000000,"top"
"C120","CC0603KRX7R9BB104","0603 (1608 metric)",220.000000,-202.400000,0.000000,"top"
"C121","CC0603KRX7R9BB104","0603 (1608 metric)",260.000000,-202.400000,0.000000,"top"
"C122","CC0603KRX7R9BB104","0603 (1608 metric)",300.000000,-202.400000,0.000000,"top"
"C123","CC0603KRX7R9BB104","0603 (1608 metric)",340.000000,-202.400000,0.000000,"top"
"C124","CC0603KRX7R9BB104","0603 (1608 metric)",220.000000,-162.400000,0.000000,"top"
"C125","CC0603KRX7R9BB104","0603 (1608 metric)",260.000000,-162.400000,0.000000,"top"
"C126","CC0603KRX7R9BB104","0603 (1608 metric)",300.000000,-162.400000,0.000000,"top"
"C127","CC0603KRX7R9BB104","0603 (1608 metric)",340.000000,-162.400000,0.000000,"top"
"C128","CC0603KRX7R9BB104","0603 (1608 metric)",220.000000,-122.400000,0.000000,"top"
"C129","CC0603KRX7R9BB104","0603 (1608 metric)",260.000000,-122.400000,0.000000,"top"
"C130","CC0603KRX7R9BB104","0603 (1608 metric)",300.000000,-122.400000,0.000000,"top"
"C131","CC0603KRX7R9BB104","0603 (1608 metric)",340.000000,-122.400000,0.000000,"top"
"C132","CC0603KRX7R9BB104","0603 (1608 metric)",220.000000,-82.400000,0.000000,"top"
"C133","CC0603KRX7R9BB104","0603 (1608 metric)",260.000000,-82.400000,0.000000,"top"
"C134","CC0603KRX7R9BB104","0603 (1608 metric)",300.000000,-82.400000,0.000000,"top"
"C135","CC0603KRX7R9BB104","0603 (1608 metric)",340.000000,-82.400000,0.000000,"top"
"C136","CC0603KRX7R9BB104","0603 (1608 metric)",123.500000,-171.700000,180.000000,"top"
"C137","CC0603KRX7R9BB104","0603 (1608 metric)",283.500000,-171.700000,180.000000,"top"
"C138","CC0603KRX7R9BB104","0603 (1608 metric)",123.500000,-91.699999,180.000000,"top"
"C139","CC0603KRX7R9BB104","0603 (1608 metric)",283.500000,-91.699999,180.000000,"top"
"C141","CC0603KRX7R8BB105","0603 (1608 metric)",105.600000,-83.100000,90.000000,"top"
"C142","CC0603KRX7R9BB103","0603 (1608 metric)",110.700000,-89.900000,0.000000,"top"
"C143","CC0603KRX7R9BB102","0603 (1608 metric)",111.600000,-85.000000,0.000000,"top"
"C144","CC0603KRX7R9BB103","0603 (1608 metric)",114.100000,-89.400000,180.000000,"top"
"C145","CC0603KRX7R9BB103","0603 (1608 metric)",145.000000,-412.800000,0.000000,"top"
"C146","CC0603KRX7R9BB104","0603 (1608 metric)",130.000000,-413.000000,0.000000,"top"
"D1","SMBJ12CA","SMB (DO-214AA)",93.500000,-84.600000,180.000000,"top"
"F1","0453002.MR","2410 fuse",92.000000,-99.000000,0.000000,"top"
"HS1","DRV5032FCDBZR","SOT-23-3",60.000000,-360.000000,0.000000,"top"
"HS2","DRV5032FCDBZR","SOT-23-3",100.000000,-360.000000,0.000000,"top"
"HS3","DRV5032FCDBZR","SOT-23-3",140.000000,-360.000000,0.000000,"top"
"HS4","DRV5032FCDBZR","SOT-23-3",180.000000,-360.000000,0.000000,"top"
"HS5","DRV5032FCDBZR","SOT-23-3",60.000000,-320.000000,0.000000,"top"
"HS6","DRV5032FCDBZR","SOT-23-3",100.000000,-320.000000,0.000000,"top"
"HS7","DRV5032FCDBZR","SOT-23-3",140.000000,-320.000000,0.000000,"top"
"HS8","DRV5032FCDBZR","SOT-23-3",180.000000,-320.000000,0.000000,"top"
"HS9","DRV5032FCDBZR","SOT-23-3",60.000000,-280.000000,0.000000,"top"
"HS10","DRV5032FCDBZR","SOT-23-3",100.000000,-280.000000,0.000000,"top"
"HS11","DRV5032FCDBZR","SOT-23-3",140.000000,-280.000000,0.000000,"top"
"HS12","DRV5032FCDBZR","SOT-23-3",180.000000,-280.000000,0.000000,"top"
"HS13","DRV5032FCDBZR","SOT-23-3",60.000000,-240.000000,0.000000,"top"
"HS14","DRV5032FCDBZR","SOT-23-3",100.000000,-240.000000,0.000000,"top"
"HS15","DRV5032FCDBZR","SOT-23-3",140.000000,-240.000000,0.000000,"top"
"HS16","DRV5032FCDBZR","SOT-23-3",180.000000,-240.000000,0.000000,"top"
"HS17","DRV5032FCDBZR","SOT-23-3",220.000000,-360.000000,0.000000,"top"
"HS18","DRV5032FCDBZR","SOT-23-3",260.000000,-360.000000,0.000000,"top"
"HS19","DRV5032FCDBZR","SOT-23-3",300.000000,-360.000000,0.000000,"top"
"HS20","DRV5032FCDBZR","SOT-23-3",340.000000,-360.000000,0.000000,"top"
"HS21","DRV5032FCDBZR","SOT-23-3",220.000000,-320.000000,0.000000,"top"
"HS22","DRV5032FCDBZR","SOT-23-3",260.000000,-320.000000,0.000000,"top"
"HS23","DRV5032FCDBZR","SOT-23-3",300.000000,-320.000000,0.000000,"top"
"HS24","DRV5032FCDBZR","SOT-23-3",340.000000,-320.000000,0.000000,"top"
"HS25","DRV5032FCDBZR","SOT-23-3",220.000000,-280.000000,0.000000,"top"
"HS26","DRV5032FCDBZR","SOT-23-3",260.000000,-280.000000,0.000000,"top"
"HS27","DRV5032FCDBZR","SOT-23-3",300.000000,-280.000000,0.000000,"top"
"HS28","DRV5032FCDBZR","SOT-23-3",340.000000,-280.000000,0.000000,"top"
"HS29","DRV5032FCDBZR","SOT-23-3",220.000000,-240.000000,0.000000,"top"
"HS30","DRV5032FCDBZR","SOT-23-3",260.000000,-240.000000,0.000000,"top"
"HS31","DRV5032FCDBZR","SOT-23-3",300.000000,-240.000000,0.000000,"top"
"HS32","DRV5032FCDBZR","SOT-23-3",340.000000,-240.000000,0.000000,"top"
"HS33","DRV5032FCDBZR","SOT-23-3",60.000000,-200.000000,0.000000,"top"
"HS34","DRV5032FCDBZR","SOT-23-3",100.000000,-200.000000,0.000000,"top"
"HS35","DRV5032FCDBZR","SOT-23-3",140.000000,-200.000000,0.000000,"top"
"HS36","DRV5032FCDBZR","SOT-23-3",180.000000,-200.000000,0.000000,"top"
"HS37","DRV5032FCDBZR","SOT-23-3",60.000000,-160.000000,0.000000,"top"
"HS38","DRV5032FCDBZR","SOT-23-3",100.000000,-160.000000,0.000000,"top"
"HS39","DRV5032FCDBZR","SOT-23-3",140.000000,-160.000000,0.000000,"top"
"HS40","DRV5032FCDBZR","SOT-23-3",180.000000,-160.000000,0.000000,"top"
"HS41","DRV5032FCDBZR","SOT-23-3",60.000000,-120.000000,0.000000,"top"
"HS42","DRV5032FCDBZR","SOT-23-3",100.000000,-120.000000,0.000000,"top"
"HS43","DRV5032FCDBZR","SOT-23-3",140.000000,-120.000000,0.000000,"top"
"HS44","DRV5032FCDBZR","SOT-23-3",180.000000,-120.000000,0.000000,"top"
"HS45","DRV5032FCDBZR","SOT-23-3",60.000000,-80.000000,0.000000,"top"
"HS46","DRV5032FCDBZR","SOT-23-3",100.000000,-80.000000,0.000000,"top"
"HS47","DRV5032FCDBZR","SOT-23-3",140.000000,-80.000000,0.000000,"top"
"HS48","DRV5032FCDBZR","SOT-23-3",180.000000,-80.000000,0.000000,"top"
"HS49","DRV5032FCDBZR","SOT-23-3",220.000000,-200.000000,0.000000,"top"
"HS50","DRV5032FCDBZR","SOT-23-3",260.000000,-200.000000,0.000000,"top"
"HS51","DRV5032FCDBZR","SOT-23-3",300.000000,-200.000000,0.000000,"top"
"HS52","DRV5032FCDBZR","SOT-23-3",340.000000,-200.000000,0.000000,"top"
"HS53","DRV5032FCDBZR","SOT-23-3",220.000000,-160.000000,0.000000,"top"
"HS54","DRV5032FCDBZR","SOT-23-3",260.000000,-160.000000,0.000000,"top"
"HS55","DRV5032FCDBZR","SOT-23-3",300.000000,-160.000000,0.000000,"top"
"HS56","DRV5032FCDBZR","SOT-23-3",340.000000,-160.000000,0.000000,"top"
"HS57","DRV5032FCDBZR","SOT-23-3",220.000000,-120.000000,0.000000,"top"
"HS58","DRV5032FCDBZR","SOT-23-3",260.000000,-120.000000,0.000000,"top"
"HS59","DRV5032FCDBZR","SOT-23-3",300.000000,-120.000000,0.000000,"top"
"HS60","DRV5032FCDBZR","SOT-23-3",340.000000,-120.000000,0.000000,"top"
"HS61","DRV5032FCDBZR","SOT-23-3",220.000000,-80.000000,0.000000,"top"
"HS62","DRV5032FCDBZR","SOT-23-3",260.000000,-80.000000,0.000000,"top"
"HS63","DRV5032FCDBZR","SOT-23-3",300.000000,-80.000000,0.000000,"top"
"HS64","DRV5032FCDBZR","SOT-23-3",340.000000,-80.000000,0.000000,"top"
"J2","SM04B-SRSS-TB","SH 4P side entry SMD",90.000000,-378.500000,0.000000,"top"
"Q1","Si4403DDY-T1-GE3","SO-8 1.27 mm",145.000000,-408.000000,0.000000,"top"
"Q2","BSS138LT1G","SOT-23 (TO-236)",145.000000,-399.500000,0.000000,"top"
"R3","RC0603FR-071K65L","0603 (1608 metric)",111.100000,-87.500000,-90.000000,"top"
"R4","RT0603BRD07604KL","0603 (1608 metric)",102.600000,-87.000000,180.000000,"top"
"R5","RT0603BRD07169KL","0603 (1608 metric)",117.000000,-89.400000,0.000000,"top"
"R6","RT0603BRD07604KL","0603 (1608 metric)",117.000000,-86.800000,0.000000,"top"
"R7","RC0603FR-07261KL","0603 (1608 metric)",124.500000,-86.800000,0.000000,"top"
"R8","RC0603FR-071KL","0603 (1608 metric)",117.000000,-84.199999,0.000000,"top"
"R9","RC0603FR-0756RL","0603 (1608 metric)",121.000000,-398.730000,0.000000,"top"
"R10","RC0603FR-0756RL","0603 (1608 metric)",67.350000,-308.600000,0.000000,"top"
"R11","RC0603FR-0756RL","0603 (1608 metric)",67.350000,-228.600000,0.000000,"top"
"R12","RC0603FR-0756RL","0603 (1608 metric)",67.350000,-148.600000,0.000000,"top"
"R13","RC0603FR-071KL","0603 (1608 metric)",150.000000,-403.000000,180.000000,"top"
"R14","RC0603FR-07100KL","0603 (1608 metric)",150.000000,-399.000000,0.000000,"top"
"R15","RC0603FR-0710KL","0603 (1608 metric)",140.500000,-396.000000,0.000000,"top"
"R16","RC0603FR-07100KL","0603 (1608 metric)",140.000000,-412.800000,0.000000,"top"
"R17","RC0603FR-0710KL","0603 (1608 metric)",112.500000,-402.500000,0.000000,"top"
"R18","RC0603FR-0710KL","0603 (1608 metric)",117.000000,-405.500000,0.000000,"top"
"SW1","TL1105CF100Q","6x6 mm THT",200.000000,-392.000000,0.000000,"top"
"SW2","TL1105CF100Q","6x6 mm THT",216.000000,-392.000000,0.000000,"top"
"SW3","TL1105CF100Q","6x6 mm THT",232.000000,-392.000000,0.000000,"top"
"SW4","TL1105CF100Q","6x6 mm THT",248.000000,-392.000000,0.000000,"top"
"SW5","TL1105CF100Q","6x6 mm THT",264.000000,-392.000000,0.000000,"top"
"SW6","TL1105CF100Q","6x6 mm THT",280.000000,-392.000000,0.000000,"top"
"SW7","TL1105CF100Q","6x6 mm THT",200.000000,-408.000000,0.000000,"top"
"SW8","TL1105CF100Q","6x6 mm THT",216.000000,-408.000000,0.000000,"top"
"SW9","TL1105CF100Q","6x6 mm THT",232.000000,-408.000000,0.000000,"top"
"SW10","TL1105CF100Q","6x6 mm THT",248.000000,-408.000000,0.000000,"top"
"SW11","TL1105CF100Q","6x6 mm THT",264.000000,-408.000000,0.000000,"top"
"SW12","TL1105CF100Q","6x6 mm THT",280.000000,-408.000000,0.000000,"top"
"TP1","S1751-46R","SMD test point",153.000000,-385.000000,0.000000,"top"
"TP2","S1751-46R","SMD test point",160.000000,-385.000000,0.000000,"top"
"TP3","S1751-46R","SMD test point",112.500000,-398.730000,0.000000,"top"
"TP4","S1751-46R","SMD test point",117.000000,-402.500000,0.000000,"top"
"TP5","S1751-46R","SMD test point",181.000000,-385.000000,0.000000,"top"
"TP6","S1751-46R","SMD test point",188.000000,-385.000000,0.000000,"top"
"TP7","S1751-46R","SMD test point",153.000000,-416.000000,0.000000,"top"
"U1","TCA9554DWR","SOIC-16W 1.27 mm",120.000000,-338.000000,0.000000,"top"
"U2","TCA9554DWR","SOIC-16W 1.27 mm",280.000000,-338.000000,0.000000,"top"
"U3","TCA9554DWR","SOIC-16W 1.27 mm",120.000000,-258.000000,0.000000,"top"
"U4","TCA9554DWR","SOIC-16W 1.27 mm",280.000000,-258.000000,0.000000,"top"
"U5","SN74AHCT125DR","SOIC-14 1.27 mm",130.000000,-400.000000,0.000000,"top"
"U6","SK9822-A","PLCC-6 5050",73.000000,-347.000000,180.000000,"top"
"U7","SK9822-A","PLCC-6 5050",113.000000,-347.000000,180.000000,"top"
"U8","SK9822-A","PLCC-6 5050",153.000000,-347.000000,180.000000,"top"
"U9","SK9822-A","PLCC-6 5050",193.000000,-347.000000,180.000000,"top"
"U10","SK9822-A","PLCC-6 5050",233.000000,-347.000000,180.000000,"top"
"U11","SK9822-A","PLCC-6 5050",273.000000,-347.000000,180.000000,"top"
"U12","SK9822-A","PLCC-6 5050",313.000000,-347.000000,180.000000,"top"
"U13","SK9822-A","PLCC-6 5050",353.000000,-347.000000,180.000000,"top"
"U14","SK9822-A","PLCC-6 5050",353.000000,-307.000000,0.000000,"top"
"U15","SK9822-A","PLCC-6 5050",313.000000,-307.000000,0.000000,"top"
"U16","SK9822-A","PLCC-6 5050",273.000000,-307.000000,0.000000,"top"
"U17","SK9822-A","PLCC-6 5050",233.000000,-307.000000,0.000000,"top"
"U18","SK9822-A","PLCC-6 5050",193.000000,-307.000000,0.000000,"top"
"U19","SK9822-A","PLCC-6 5050",153.000000,-307.000000,0.000000,"top"
"U20","SK9822-A","PLCC-6 5050",113.000000,-307.000000,0.000000,"top"
"U21","SK9822-A","PLCC-6 5050",73.000000,-307.000000,0.000000,"top"
"U22","SK9822-A","PLCC-6 5050",73.000000,-267.000000,180.000000,"top"
"U23","SK9822-A","PLCC-6 5050",113.000000,-267.000000,180.000000,"top"
"U24","SK9822-A","PLCC-6 5050",153.000000,-267.000000,180.000000,"top"
"U25","SK9822-A","PLCC-6 5050",193.000000,-267.000000,180.000000,"top"
"U26","SK9822-A","PLCC-6 5050",233.000000,-267.000000,180.000000,"top"
"U27","SK9822-A","PLCC-6 5050",273.000000,-267.000000,180.000000,"top"
"U28","SK9822-A","PLCC-6 5050",313.000000,-267.000000,180.000000,"top"
"U29","SK9822-A","PLCC-6 5050",353.000000,-267.000000,180.000000,"top"
"U30","SK9822-A","PLCC-6 5050",353.000000,-227.000000,0.000000,"top"
"U31","SK9822-A","PLCC-6 5050",313.000000,-227.000000,0.000000,"top"
"U32","SK9822-A","PLCC-6 5050",273.000000,-227.000000,0.000000,"top"
"U33","SK9822-A","PLCC-6 5050",233.000000,-227.000000,0.000000,"top"
"U34","SK9822-A","PLCC-6 5050",193.000000,-227.000000,0.000000,"top"
"U35","SK9822-A","PLCC-6 5050",153.000000,-227.000000,0.000000,"top"
"U36","SK9822-A","PLCC-6 5050",113.000000,-227.000000,0.000000,"top"
"U37","SK9822-A","PLCC-6 5050",73.000000,-227.000000,0.000000,"top"
"U38","SK9822-A","PLCC-6 5050",73.000000,-187.000000,180.000000,"top"
"U39","SK9822-A","PLCC-6 5050",113.000000,-187.000000,180.000000,"top"
"U40","SK9822-A","PLCC-6 5050",153.000000,-187.000000,180.000000,"top"
"U41","SK9822-A","PLCC-6 5050",193.000000,-187.000000,180.000000,"top"
"U42","SK9822-A","PLCC-6 5050",233.000000,-187.000000,180.000000,"top"
"U43","SK9822-A","PLCC-6 5050",273.000000,-187.000000,180.000000,"top"
"U44","SK9822-A","PLCC-6 5050",313.000000,-187.000000,180.000000,"top"
"U45","SK9822-A","PLCC-6 5050",353.000000,-187.000000,180.000000,"top"
"U46","SK9822-A","PLCC-6 5050",353.000000,-147.000000,0.000000,"top"
"U47","SK9822-A","PLCC-6 5050",313.000000,-147.000000,0.000000,"top"
"U48","SK9822-A","PLCC-6 5050",273.000000,-147.000000,0.000000,"top"
"U49","SK9822-A","PLCC-6 5050",233.000000,-147.000000,0.000000,"top"
"U50","SK9822-A","PLCC-6 5050",193.000000,-147.000000,0.000000,"top"
"U51","SK9822-A","PLCC-6 5050",153.000000,-147.000000,0.000000,"top"
"U52","SK9822-A","PLCC-6 5050",113.000000,-147.000000,0.000000,"top"
"U53","SK9822-A","PLCC-6 5050",73.000000,-147.000000,0.000000,"top"
"U54","SK9822-A","PLCC-6 5050",73.000000,-107.000000,180.000000,"top"
"U55","SK9822-A","PLCC-6 5050",113.000000,-107.000000,180.000000,"top"
"U56","SK9822-A","PLCC-6 5050",153.000000,-107.000000,180.000000,"top"
"U57","SK9822-A","PLCC-6 5050",193.000000,-107.000000,180.000000,"top"
"U58","SK9822-A","PLCC-6 5050",233.000000,-107.000000,180.000000,"top"
"U59","SK9822-A","PLCC-6 5050",273.000000,-107.000000,180.000000,"top"
"U60","SK9822-A","PLCC-6 5050",313.000000,-107.000000,180.000000,"top"
"U61","SK9822-A","PLCC-6 5050",353.000000,-107.000000,180.000000,"top"
"U62","SK9822-A","PLCC-6 5050",353.000000,-67.000000,0.000000,"top"
"U63","SK9822-A","PLCC-6 5050",313.000000,-67.000000,0.000000,"top"
"U64","SK9822-A","PLCC-6 5050",273.000000,-67.000000,0.000000,"top"
"U65","SK9822-A","PLCC-6 5050",233.000000,-67.000000,0.000000,"top"
"U66","SK9822-A","PLCC-6 5050",193.000000,-67.000000,0.000000,"top"
"U67","SK9822-A","PLCC-6 5050",153.000000,-67.000000,0.000000,"top"
"U68","SK9822-A","PLCC-6 5050",113.000000,-67.000000,0.000000,"top"
"U69","SK9822-A","PLCC-6 5050",73.000000,-67.000000,0.000000,"top"
"U70","TCA9554DWR","SOIC-16W 1.27 mm",120.000000,-178.000000,0.000000,"top"
"U71","TCA9554DWR","SOIC-16W 1.27 mm",280.000000,-178.000000,0.000000,"top"
"U72","TCA9554DWR","SOIC-16W 1.27 mm",120.000000,-98.000000,0.000000,"top"
"U73","TCA9554DWR","SOIC-16W 1.27 mm",280.000000,-98.000000,0.000000,"top"
"U74","TPS259474ARPWR","VQFN-HR-10 RPW 2x2 mm",108.000000,-87.500000,0.000000,"top"
"U75","SN74LVC1G97DBVR","SOT-23-6 (DBV)",130.000000,-410.000000,180.000000,"top"
